-- ===============================================
-- æœç´¢æºç®¡ç†æ¨¡å—æ•°æ®åº“ç»“æž„ + é»˜è®¤æ•°æ® (é›†æˆä»£ç†åŠŸèƒ½ç‰ˆæœ¬)
-- ç‰ˆæœ¬: v2.4.0
-- è¯´æ˜Ž: ä¿®å¤å‰åŽç«¯åŒ¹é…é—®é¢˜ï¼Œä¼˜åŒ–ç”¨æˆ·æ³¨å†Œé»˜è®¤é…ç½®ï¼Œæ·»åŠ ä»£ç†åŠŸèƒ½æ”¯æŒ
-- ===============================================

-- ===============================================
-- 1. æœç´¢æºå¤§ç±»ç®¡ç†
-- ===============================================

-- æœç´¢æºå¤§ç±»è¡¨
CREATE TABLE IF NOT EXISTS search_major_categories (
    id TEXT PRIMARY KEY,                        -- å¤§ç±»å”¯ä¸€æ ‡è¯†
    name TEXT NOT NULL,                         -- å¤§ç±»åç§°
    description TEXT,                           -- å¤§ç±»æè¿°
    icon TEXT DEFAULT 'ðŸŒŸ',                     -- å¤§ç±»å›¾æ ‡
    color TEXT DEFAULT '#6b7280',               -- å¤§ç±»é¢œè‰²
    requires_keyword INTEGER DEFAULT 1,         -- æ˜¯å¦éœ€è¦å…³é”®è¯(1:éœ€è¦ 0:ä¸éœ€è¦)
    display_order INTEGER DEFAULT 999,          -- æ˜¾ç¤ºé¡ºåº
    is_system INTEGER DEFAULT 0,                -- æ˜¯å¦ç³»ç»Ÿå¤§ç±»(1:ç³»ç»Ÿ 0:è‡ªå®šä¹‰)
    is_active INTEGER DEFAULT 1,                -- æ˜¯å¦æ¿€æ´»(1:æ¿€æ´» 0:ç¦ç”¨)
    created_at INTEGER NOT NULL,                -- åˆ›å»ºæ—¶é—´æˆ³
    updated_at INTEGER NOT NULL                 -- æ›´æ–°æ—¶é—´æˆ³
);

-- ===============================================
-- 2. æœç´¢æºåˆ†ç±»ç®¡ç†
-- ===============================================

-- æœç´¢æºåˆ†ç±»è¡¨
CREATE TABLE IF NOT EXISTS search_source_categories (
    id TEXT PRIMARY KEY,                        -- åˆ†ç±»å”¯ä¸€æ ‡è¯†
    major_category_id TEXT NOT NULL,            -- å…³è”å¤§ç±»ID
    name TEXT NOT NULL,                         -- åˆ†ç±»åç§°
    description TEXT,                           -- åˆ†ç±»æè¿°
    icon TEXT DEFAULT 'ðŸ“',                     -- åˆ†ç±»å›¾æ ‡
    color TEXT DEFAULT '#3b82f6',               -- åˆ†ç±»é¢œè‰²
    display_order INTEGER DEFAULT 999,          -- æ˜¾ç¤ºé¡ºåº
    is_system INTEGER DEFAULT 0,                -- æ˜¯å¦ç³»ç»Ÿåˆ†ç±»(1:ç³»ç»Ÿ 0:è‡ªå®šä¹‰)
    is_active INTEGER DEFAULT 1,                -- æ˜¯å¦æ¿€æ´»(1:æ¿€æ´» 0:ç¦ç”¨)
    -- æœç´¢é…ç½®
    default_searchable INTEGER DEFAULT 1,       -- è¯¥åˆ†ç±»ä¸‹çš„æºé»˜è®¤æ˜¯å¦å¯æœç´¢
    default_site_type TEXT DEFAULT 'search',    -- é»˜è®¤ç½‘ç«™ç±»åž‹(search/browse/reference)
    search_priority INTEGER DEFAULT 5,          -- æœç´¢ä¼˜å…ˆçº§(1-10)
    supports_detail_extraction INTEGER DEFAULT 0, -- æ˜¯å¦æ”¯æŒè¯¦æƒ…æå–
    extraction_priority TEXT DEFAULT 'medium',  -- æå–ä¼˜å…ˆçº§(high/medium/low)
    -- æ—¶é—´æˆ³
    created_by TEXT,                            -- åˆ›å»ºè€…ID
    created_at INTEGER NOT NULL,                -- åˆ›å»ºæ—¶é—´æˆ³
    updated_at INTEGER NOT NULL,                -- æ›´æ–°æ—¶é—´æˆ³
    FOREIGN KEY (major_category_id) REFERENCES search_major_categories (id) ON DELETE CASCADE,
    FOREIGN KEY (created_by) REFERENCES users (id) ON DELETE SET NULL
);

-- ===============================================
-- 3. æœç´¢æºç®¡ç†
-- ===============================================

-- æœç´¢æºè¡¨
CREATE TABLE IF NOT EXISTS search_sources (
    id TEXT PRIMARY KEY,                        -- æœç´¢æºå”¯ä¸€æ ‡è¯†
    category_id TEXT NOT NULL,                  -- å…³è”åˆ†ç±»ID
    name TEXT NOT NULL,                         -- æœç´¢æºåç§°
    subtitle TEXT,                              -- æœç´¢æºå‰¯æ ‡é¢˜
    description TEXT,                           -- æœç´¢æºæè¿°
    icon TEXT DEFAULT 'ðŸ”',                     -- æœç´¢æºå›¾æ ‡
    url_template TEXT NOT NULL,                 -- URLæ¨¡æ¿
    homepage_url TEXT,                          -- ä¸»é¡µURL
    -- ç½‘ç«™ç±»åž‹é…ç½®
    site_type TEXT DEFAULT 'search',            -- ç½‘ç«™ç±»åž‹(search/browse/reference)
    searchable INTEGER DEFAULT 1,               -- æ˜¯å¦å‚ä¸Žæœç´¢(1:å‚ä¸Ž 0:ä¸å‚ä¸Ž)
    requires_keyword INTEGER DEFAULT 1,         -- æ˜¯å¦éœ€è¦å…³é”®è¯(1:éœ€è¦ 0:ä¸éœ€è¦)
    search_priority INTEGER DEFAULT 5,          -- æœç´¢ä¼˜å…ˆçº§(1-10)
    -- è¯¦æƒ…æå–é…ç½®
    supports_detail_extraction INTEGER DEFAULT 0, -- æ˜¯å¦æ”¯æŒè¯¦æƒ…æå–
    extraction_quality TEXT DEFAULT 'none',     -- æå–è´¨é‡(excellent/good/fair/poor/none)
    average_extraction_time INTEGER DEFAULT 0,  -- å¹³å‡æå–æ—¶é—´(æ¯«ç§’)
    supported_features TEXT DEFAULT '[]',       -- æ”¯æŒçš„åŠŸèƒ½(JSONæ•°ç»„)
    -- ä»£ç†é…ç½® (æ–°å¢ž)
    needs_proxy INTEGER DEFAULT 0,              -- æ˜¯å¦éœ€è¦ä»£ç†è®¿é—®(1:éœ€è¦ 0:ä¸éœ€è¦)
    proxy_config TEXT DEFAULT NULL,             -- ä»£ç†é…ç½®(JSONæ ¼å¼)
    proxy_regions TEXT DEFAULT NULL,            -- éœ€è¦ä»£ç†çš„åœ°åŒºåˆ—è¡¨(JSONæ•°ç»„)
    proxy_priority INTEGER DEFAULT 5,           -- ä»£ç†ä¼˜å…ˆçº§(1-10)
    supports_direct_access INTEGER DEFAULT 1,   -- æ˜¯å¦æ”¯æŒç›´æŽ¥è®¿é—®(1:æ”¯æŒ 0:ä¸æ”¯æŒ)
    -- ç³»ç»Ÿå±žæ€§
    is_system INTEGER DEFAULT 0,                -- æ˜¯å¦ç³»ç»Ÿæœç´¢æº(1:ç³»ç»Ÿ 0:è‡ªå®šä¹‰)
    is_active INTEGER DEFAULT 1,                -- æ˜¯å¦æ¿€æ´»(1:æ¿€æ´» 0:ç¦ç”¨)
    display_order INTEGER DEFAULT 999,          -- æ˜¾ç¤ºé¡ºåº
    -- ç»Ÿè®¡ä¿¡æ¯
    usage_count INTEGER DEFAULT 0,              -- ä½¿ç”¨æ¬¡æ•°
    last_used_at INTEGER,                       -- æœ€åŽä½¿ç”¨æ—¶é—´
    proxy_usage_count INTEGER DEFAULT 0,        -- ä»£ç†ä½¿ç”¨æ¬¡æ•° (æ–°å¢ž)
    direct_usage_count INTEGER DEFAULT 0,       -- ç›´æŽ¥è®¿é—®æ¬¡æ•° (æ–°å¢ž)
    -- æ—¶é—´æˆ³
    created_by TEXT,                            -- åˆ›å»ºè€…ID
    created_at INTEGER NOT NULL,                -- åˆ›å»ºæ—¶é—´æˆ³
    updated_at INTEGER NOT NULL,                -- æ›´æ–°æ—¶é—´æˆ³
    FOREIGN KEY (category_id) REFERENCES search_source_categories (id) ON DELETE CASCADE,
    FOREIGN KEY (created_by) REFERENCES users (id) ON DELETE SET NULL
);

-- ===============================================
-- 4. ç”¨æˆ·æœç´¢æºé…ç½®è¡¨
-- ===============================================

-- ç”¨æˆ·æœç´¢æºé…ç½®è¡¨(ç”¨æˆ·ä¸ªæ€§åŒ–é…ç½®)
CREATE TABLE IF NOT EXISTS user_search_source_configs (
    id TEXT PRIMARY KEY,                        -- é…ç½®å”¯ä¸€æ ‡è¯†
    user_id TEXT NOT NULL,                      -- å…³è”ç”¨æˆ·ID
    source_id TEXT NOT NULL,                    -- å…³è”æœç´¢æºID
    is_enabled INTEGER DEFAULT 1,               -- æ˜¯å¦å¯ç”¨(1:å¯ç”¨ 0:ç¦ç”¨)
    custom_priority INTEGER,                    -- è‡ªå®šä¹‰ä¼˜å…ˆçº§
    custom_name TEXT,                           -- è‡ªå®šä¹‰åç§°
    custom_subtitle TEXT,                       -- è‡ªå®šä¹‰å‰¯æ ‡é¢˜
    custom_icon TEXT,                           -- è‡ªå®šä¹‰å›¾æ ‡
    notes TEXT,                                 -- ç”¨æˆ·å¤‡æ³¨
    -- ä»£ç†é…ç½® (æ–°å¢ž)
    use_proxy INTEGER DEFAULT 0,                -- æ˜¯å¦ä½¿ç”¨ä»£ç†(1:ä½¿ç”¨ 0:ä¸ä½¿ç”¨)
    custom_proxy_url TEXT DEFAULT NULL,         -- è‡ªå®šä¹‰ä»£ç†URL
    proxy_preference TEXT DEFAULT 'auto',       -- ä»£ç†åå¥½(auto/always/never/manual)
    allow_fallback_direct INTEGER DEFAULT 1,    -- ä»£ç†å¤±è´¥æ—¶æ˜¯å¦å…è®¸ç›´è¿ž(1:å…è®¸ 0:ä¸å…è®¸)
    -- æ—¶é—´æˆ³
    created_at INTEGER NOT NULL,                -- åˆ›å»ºæ—¶é—´æˆ³
    updated_at INTEGER NOT NULL,                -- æ›´æ–°æ—¶é—´æˆ³
    UNIQUE(user_id, source_id),                 -- ç”¨æˆ·+æœç´¢æºå”¯ä¸€
    FOREIGN KEY (user_id) REFERENCES users (id) ON DELETE CASCADE,
    FOREIGN KEY (source_id) REFERENCES search_sources (id) ON DELETE CASCADE
);

-- ===============================================
-- 5. ä»£ç†æœåŠ¡å™¨ç®¡ç†è¡¨ (æ–°å¢ž)
-- ===============================================

-- ä»£ç†æœåŠ¡å™¨é…ç½®è¡¨
CREATE TABLE IF NOT EXISTS proxy_servers (
    id TEXT PRIMARY KEY,                        -- ä»£ç†æœåŠ¡å™¨å”¯ä¸€æ ‡è¯†
    name TEXT NOT NULL,                         -- ä»£ç†æœåŠ¡å™¨åç§°
    description TEXT,                           -- æè¿°ä¿¡æ¯
    base_url TEXT NOT NULL,                     -- ä»£ç†æœåŠ¡å™¨åŸºç¡€URL
    server_region TEXT DEFAULT 'US',            -- æœåŠ¡å™¨æ‰€åœ¨åœ°åŒº
    supported_regions TEXT DEFAULT '[]',        -- æ”¯æŒçš„ç”¨æˆ·åœ°åŒº(JSONæ•°ç»„)
    server_type TEXT DEFAULT 'general',         -- æœåŠ¡å™¨ç±»åž‹(general/specialized/backup)
    max_concurrent_requests INTEGER DEFAULT 100, -- æœ€å¤§å¹¶å‘è¯·æ±‚æ•°
    request_timeout INTEGER DEFAULT 30000,      -- è¯·æ±‚è¶…æ—¶æ—¶é—´(æ¯«ç§’)
    -- çŠ¶æ€å’Œæ€§èƒ½
    is_active INTEGER DEFAULT 1,                -- æ˜¯å¦æ¿€æ´»(1:æ¿€æ´» 0:ç¦ç”¨)
    health_status TEXT DEFAULT 'unknown',       -- å¥åº·çŠ¶æ€(healthy/degraded/unhealthy/unknown)
    last_health_check INTEGER,                  -- æœ€åŽå¥åº·æ£€æŸ¥æ—¶é—´
    average_response_time INTEGER DEFAULT 0,    -- å¹³å‡å“åº”æ—¶é—´(æ¯«ç§’)
    success_rate REAL DEFAULT 0.0,              -- æˆåŠŸçŽ‡(0.0-1.0)
    uptime_percentage REAL DEFAULT 0.0,         -- å¯ç”¨æ€§ç™¾åˆ†æ¯”(0.0-1.0)
    -- ä½¿ç”¨ç»Ÿè®¡
    total_requests INTEGER DEFAULT 0,           -- æ€»è¯·æ±‚æ•°
    successful_requests INTEGER DEFAULT 0,      -- æˆåŠŸè¯·æ±‚æ•°
    failed_requests INTEGER DEFAULT 0,          -- å¤±è´¥è¯·æ±‚æ•°
    -- é…ç½®é€‰é¡¹
    auth_required INTEGER DEFAULT 0,            -- æ˜¯å¦éœ€è¦è®¤è¯(1:éœ€è¦ 0:ä¸éœ€è¦)
    auth_config TEXT DEFAULT NULL,              -- è®¤è¯é…ç½®(JSONæ ¼å¼)
    rate_limit_config TEXT DEFAULT NULL,        -- é€ŸçŽ‡é™åˆ¶é…ç½®(JSONæ ¼å¼)
    custom_headers TEXT DEFAULT NULL,           -- è‡ªå®šä¹‰è¯·æ±‚å¤´(JSONæ ¼å¼)
    -- ä¼˜å…ˆçº§å’Œæƒé‡
    priority INTEGER DEFAULT 5,                 -- æœåŠ¡å™¨ä¼˜å…ˆçº§(1-10)
    weight INTEGER DEFAULT 1,                   -- è´Ÿè½½å‡è¡¡æƒé‡
    -- ç³»ç»Ÿå±žæ€§
    is_system INTEGER DEFAULT 0,                -- æ˜¯å¦ç³»ç»Ÿä»£ç†æœåŠ¡å™¨(1:ç³»ç»Ÿ 0:è‡ªå®šä¹‰)
    created_by TEXT,                            -- åˆ›å»ºè€…ID
    created_at INTEGER NOT NULL,                -- åˆ›å»ºæ—¶é—´æˆ³
    updated_at INTEGER NOT NULL,                -- æ›´æ–°æ—¶é—´æˆ³
    FOREIGN KEY (created_by) REFERENCES users (id) ON DELETE SET NULL
);

-- ===============================================
-- 6. ç”¨æˆ·ä»£ç†é…ç½®è¡¨ (æ–°å¢ž)
-- ===============================================

-- ç”¨æˆ·å…¨å±€ä»£ç†é…ç½®è¡¨
CREATE TABLE IF NOT EXISTS user_proxy_configs (
    id TEXT PRIMARY KEY,                        -- é…ç½®å”¯ä¸€æ ‡è¯†
    user_id TEXT NOT NULL UNIQUE,               -- å…³è”ç”¨æˆ·ID(å”¯ä¸€)
    -- å…¨å±€ä»£ç†è®¾ç½®
    proxy_enabled INTEGER DEFAULT 0,            -- æ˜¯å¦å¯ç”¨ä»£ç†(1:å¯ç”¨ 0:ç¦ç”¨)
    intelligent_routing INTEGER DEFAULT 1,      -- æ˜¯å¦å¯ç”¨æ™ºèƒ½è·¯ç”±(1:å¯ç”¨ 0:ç¦ç”¨)
    user_region TEXT DEFAULT 'CN',              -- ç”¨æˆ·æ‰€åœ¨åœ°åŒº
    preferred_proxy_server TEXT,                -- é¦–é€‰ä»£ç†æœåŠ¡å™¨ID
    fallback_proxy_servers TEXT DEFAULT '[]',   -- å¤‡ç”¨ä»£ç†æœåŠ¡å™¨åˆ—è¡¨(JSONæ•°ç»„)
    -- è‡ªåŠ¨åˆ‡æ¢è®¾ç½®
    auto_switch_on_failure INTEGER DEFAULT 1,   -- ä»£ç†å¤±è´¥æ—¶è‡ªåŠ¨åˆ‡æ¢(1:å¯ç”¨ 0:ç¦ç”¨)
    auto_fallback_direct INTEGER DEFAULT 1,     -- æ‰€æœ‰ä»£ç†å¤±è´¥æ—¶è‡ªåŠ¨ç›´è¿ž(1:å¯ç”¨ 0:ç¦ç”¨)
    health_check_interval INTEGER DEFAULT 300,  -- å¥åº·æ£€æŸ¥é—´éš”(ç§’)
    -- æ€§èƒ½å’Œè¶…æ—¶è®¾ç½®
    request_timeout INTEGER DEFAULT 30000,      -- è¯·æ±‚è¶…æ—¶æ—¶é—´(æ¯«ç§’)
    max_retries INTEGER DEFAULT 2,              -- æœ€å¤§é‡è¯•æ¬¡æ•°
    retry_delay INTEGER DEFAULT 1000,           -- é‡è¯•å»¶è¿Ÿ(æ¯«ç§’)
    -- é«˜çº§è®¾ç½®
    custom_proxy_rules TEXT DEFAULT NULL,       -- è‡ªå®šä¹‰ä»£ç†è§„åˆ™(JSONæ ¼å¼)
    whitelist_sources TEXT DEFAULT '[]',        -- å¼ºåˆ¶ä½¿ç”¨ä»£ç†çš„æºåˆ—è¡¨(JSONæ•°ç»„)
    blacklist_sources TEXT DEFAULT '[]',        -- ç¦ç”¨ä»£ç†çš„æºåˆ—è¡¨(JSONæ•°ç»„)
    proxy_headers TEXT DEFAULT NULL,            -- è‡ªå®šä¹‰ä»£ç†è¯·æ±‚å¤´(JSONæ ¼å¼)
    -- ç»Ÿè®¡ä¿¡æ¯
    total_proxy_requests INTEGER DEFAULT 0,     -- æ€»ä»£ç†è¯·æ±‚æ•°
    successful_proxy_requests INTEGER DEFAULT 0, -- æˆåŠŸä»£ç†è¯·æ±‚æ•°
    failed_proxy_requests INTEGER DEFAULT 0,    -- å¤±è´¥ä»£ç†è¯·æ±‚æ•°
    data_transferred INTEGER DEFAULT 0,         -- ä¼ è¾“æ•°æ®é‡(å­—èŠ‚)
    -- æ—¶é—´æˆ³
    created_at INTEGER NOT NULL,                -- åˆ›å»ºæ—¶é—´æˆ³
    updated_at INTEGER NOT NULL,                -- æ›´æ–°æ—¶é—´æˆ³
    FOREIGN KEY (user_id) REFERENCES users (id) ON DELETE CASCADE,
    FOREIGN KEY (preferred_proxy_server) REFERENCES proxy_servers (id) ON DELETE SET NULL
);

-- ===============================================
-- 7. ç´¢å¼•å®šä¹‰
-- ===============================================

-- æœç´¢æºç®¡ç†æ¨¡å—ç´¢å¼•
CREATE INDEX IF NOT EXISTS idx_major_categories_order ON search_major_categories(display_order, is_active);
CREATE INDEX IF NOT EXISTS idx_major_categories_system ON search_major_categories(is_system, is_active);

CREATE INDEX IF NOT EXISTS idx_source_categories_major ON search_source_categories(major_category_id, display_order);
CREATE INDEX IF NOT EXISTS idx_source_categories_system ON search_source_categories(is_system, is_active);
CREATE INDEX IF NOT EXISTS idx_source_categories_created_by ON search_source_categories(created_by);

CREATE INDEX IF NOT EXISTS idx_search_sources_category ON search_sources(category_id, display_order);
CREATE INDEX IF NOT EXISTS idx_search_sources_system ON search_sources(is_system, is_active);
CREATE INDEX IF NOT EXISTS idx_search_sources_searchable ON search_sources(searchable, search_priority);
CREATE INDEX IF NOT EXISTS idx_search_sources_site_type ON search_sources(site_type);
CREATE INDEX IF NOT EXISTS idx_search_sources_created_by ON search_sources(created_by);
CREATE INDEX IF NOT EXISTS idx_search_sources_usage ON search_sources(usage_count DESC);
-- ä»£ç†ç›¸å…³ç´¢å¼• (æ–°å¢ž)
CREATE INDEX IF NOT EXISTS idx_search_sources_proxy ON search_sources(needs_proxy, proxy_priority);
CREATE INDEX IF NOT EXISTS idx_search_sources_proxy_regions ON search_sources(proxy_regions);

CREATE INDEX IF NOT EXISTS idx_user_source_configs_user ON user_search_source_configs(user_id, is_enabled);
CREATE INDEX IF NOT EXISTS idx_user_source_configs_source ON user_search_source_configs(source_id);
-- ç”¨æˆ·ä»£ç†é…ç½®ç´¢å¼• (æ–°å¢ž)
CREATE INDEX IF NOT EXISTS idx_user_source_configs_proxy ON user_search_source_configs(user_id, use_proxy);

-- ä»£ç†æœåŠ¡å™¨ç´¢å¼• (æ–°å¢ž)
CREATE INDEX IF NOT EXISTS idx_proxy_servers_active ON proxy_servers(is_active, priority);
CREATE INDEX IF NOT EXISTS idx_proxy_servers_region ON proxy_servers(server_region, is_active);
CREATE INDEX IF NOT EXISTS idx_proxy_servers_health ON proxy_servers(health_status, is_active);
CREATE INDEX IF NOT EXISTS idx_proxy_servers_performance ON proxy_servers(success_rate DESC, average_response_time ASC);

-- ç”¨æˆ·ä»£ç†é…ç½®ç´¢å¼• (æ–°å¢ž)
CREATE INDEX IF NOT EXISTS idx_user_proxy_configs_enabled ON user_proxy_configs(proxy_enabled, user_region);

-- ===============================================
-- 8. æ’å…¥ç³»ç»Ÿé»˜è®¤æ•°æ®
-- ===============================================

-- æ’å…¥é»˜è®¤å¤§ç±»
INSERT OR REPLACE INTO search_major_categories (
    id, name, description, icon, color, requires_keyword, 
    display_order, is_system, is_active, created_at, updated_at
) VALUES 
    ('search_sources', 'ðŸ” æœç´¢æº', 'æ”¯æŒç•ªå·æœç´¢çš„ç½‘ç«™', 'ðŸ”', '#3b82f6', 1, 1, 1, 1, strftime('%s', 'now') * 1000, strftime('%s', 'now') * 1000),
    ('browse_sites', 'ðŸŒ æµè§ˆç«™ç‚¹', 'ä»…ä¾›è®¿é—®ï¼Œä¸å‚ä¸Žæœç´¢', 'ðŸŒ', '#10b981', 0, 2, 1, 1, strftime('%s', 'now') * 1000, strftime('%s', 'now') * 1000);

-- æ’å…¥é»˜è®¤åˆ†ç±»
INSERT OR REPLACE INTO search_source_categories (
    id, major_category_id, name, description, icon, color, display_order, 
    is_system, is_active, default_searchable, default_site_type, search_priority,
    supports_detail_extraction, extraction_priority, created_at, updated_at
) VALUES 
    ('database', 'search_sources', 'ðŸ“š ç•ªå·èµ„æ–™ç«™', 'æä¾›è¯¦ç»†çš„ç•ªå·ä¿¡æ¯ã€å°é¢å’Œæ¼”å‘˜èµ„æ–™', 'ðŸ“š', '#3b82f6', 1, 1, 1, 1, 'search', 1, 1, 'high', strftime('%s', 'now') * 1000, strftime('%s', 'now') * 1000),
    ('streaming', 'browse_sites', 'ðŸŽ¥ åœ¨çº¿æ’­æ”¾å¹³å°', 'æä¾›åœ¨çº¿è§‚çœ‹å’Œä¸‹è½½æœåŠ¡', 'ðŸŽ¥', '#10b981', 2, 1, 1, 0, 'browse', 5, 1, 'medium', strftime('%s', 'now') * 1000, strftime('%s', 'now') * 1000),
    ('torrent', 'search_sources', 'ðŸ§² ç£åŠ›æœç´¢', 'æä¾›ç£åŠ›é“¾æŽ¥å’Œç§å­æ–‡ä»¶', 'ðŸ§²', '#f59e0b', 3, 1, 1, 1, 'search', 3, 1, 'low', strftime('%s', 'now') * 1000, strftime('%s', 'now') * 1000),
    ('community', 'browse_sites', 'ðŸ’¬ ç¤¾åŒºè®ºå›', 'ç”¨æˆ·äº¤æµè®¨è®ºå’Œèµ„æºåˆ†äº«', 'ðŸ’¬', '#8b5cf6', 4, 1, 1, 0, 'browse', 10, 0, 'none', strftime('%s', 'now') * 1000, strftime('%s', 'now') * 1000),
    ('others', 'browse_sites', 'ðŸŒŸ å…¶ä»–èµ„æº', 'å…¶ä»–ç±»åž‹çš„æœç´¢èµ„æº', 'ðŸŒŸ', '#6b7280', 99, 1, 1, 0, 'browse', 10, 0, 'none', strftime('%s', 'now') * 1000, strftime('%s', 'now') * 1000);

-- æ’å…¥é»˜è®¤æœç´¢æº - ç•ªå·èµ„æ–™ç«™ (æ·»åŠ ä»£ç†é…ç½®)
INSERT OR REPLACE INTO search_sources (
    id, category_id, name, subtitle, description, icon, url_template, homepage_url,
    site_type, searchable, requires_keyword, search_priority, supports_detail_extraction,
    extraction_quality, average_extraction_time, supported_features, 
    needs_proxy, proxy_config, proxy_regions, proxy_priority, supports_direct_access,
    is_system, is_active, display_order, created_at, updated_at
) VALUES 
    ('javbus', 'database', 'JavBus', 'ç•ªå·+ç£åŠ›ä¸€ä½“ç«™ï¼Œä¿¡æ¯å®Œå–„', 'æä¾›è¯¦ç»†çš„ç•ªå·ä¿¡æ¯ã€å°é¢ã€æ¼”å‘˜èµ„æ–™å’Œç£åŠ›é“¾æŽ¥', 'ðŸŽ¬', 'https://www.javbus.com/search/{keyword}', 'https://www.javbus.com', 'search', 1, 1, 1, 1, 'excellent', 3000, '["screenshots", "downloadLinks", "magnetLinks", "actresses", "metadata", "description", "rating", "tags"]', 1, '{"autoDetect": true, "preferredServers": ["ASIA", "US"]}', '["CN", "RU", "IR", "KR"]', 1, 1, 1, 1, 1, strftime('%s', 'now') * 1000, strftime('%s', 'now') * 1000),
    ('javdb', 'database', 'JavDB', 'æžç®€é£Žæ ¼ç•ªå·èµ„æ–™ç«™ï¼Œè½»é‡å¿«é€Ÿ', 'æä¾›ç®€æ´çš„ç•ªå·ä¿¡æ¯å’Œç£åŠ›é“¾æŽ¥', 'ðŸ“š', 'https://javdb.com/search?q={keyword}&f=all', 'https://javdb.com', 'search', 1, 1, 2, 1, 'good', 2500, '["screenshots", "magnetLinks", "actresses", "metadata", "description", "rating", "tags"]', 1, '{"autoDetect": true, "preferredServers": ["ASIA", "EU"]}', '["CN", "RU", "IR"]', 2, 1, 1, 1, 2, strftime('%s', 'now') * 1000, strftime('%s', 'now') * 1000),
    ('javlibrary', 'database', 'JavLibrary', 'è¯„è®ºæ´»è·ƒï¼Œå¥³ä¼˜æœç´¢è¯¦å°½', 'è€ç‰Œç•ªå·èµ„æ–™ç«™ï¼Œç¤¾åŒºæ´»è·ƒ', 'ðŸ“–', 'https://www.javlibrary.com/cn/vl_searchbyid.php?keyword={keyword}', 'https://www.javlibrary.com', 'search', 1, 1, 3, 0, 'none', 0, '[]', 1, '{"autoDetect": true, "preferredServers": ["US", "EU"]}', '["CN"]', 3, 1, 1, 1, 3, strftime('%s', 'now') * 1000, strftime('%s', 'now') * 1000),
    ('javfinder', 'database', 'JavFinder', 'æ™ºèƒ½æœç´¢å¼•æ“Žï¼Œç»“æžœç²¾å‡†', 'æ–°å…´çš„ç•ªå·æœç´¢å¼•æ“Ž', 'ðŸ”', 'https://javfinder.is/search/{keyword}', 'https://javfinder.is', 'search', 1, 1, 4, 0, 'none', 0, '[]', 0, NULL, NULL, 5, 1, 1, 1, 4, strftime('%s', 'now') * 1000, strftime('%s', 'now') * 1000);

-- æ’å…¥é»˜è®¤æœç´¢æº - åœ¨çº¿æ’­æ”¾å¹³å°
INSERT OR REPLACE INTO search_sources (
    id, category_id, name, subtitle, description, icon, url_template, homepage_url,
    site_type, searchable, requires_keyword, search_priority, supports_detail_extraction,
    extraction_quality, average_extraction_time, supported_features, 
    needs_proxy, proxy_config, proxy_regions, proxy_priority, supports_direct_access,
    is_system, is_active, display_order, created_at, updated_at
) VALUES 
    ('jable', 'streaming', 'Jable', 'é«˜æ¸…åœ¨çº¿è§‚çœ‹ï¼Œæ”¯æŒå¤šç§æ ¼å¼', 'çŸ¥ååœ¨çº¿æ’­æ”¾å¹³å°', 'ðŸ“º', 'https://jable.tv', 'https://jable.tv', 'browse', 0, 0, 5, 1, 'good', 3500, '["screenshots", "downloadLinks", "actresses", "metadata", "description", "tags"]', 0, NULL, NULL, 5, 1, 1, 1, 1, strftime('%s', 'now') * 1000, strftime('%s', 'now') * 1000),
    ('javmost', 'streaming', 'JavMost', 'å…è´¹åœ¨çº¿è§‚çœ‹ï¼Œæ›´æ–°åŠæ—¶', 'å…è´¹åœ¨çº¿æ’­æ”¾å¹³å°', 'ðŸŽ¦', 'https://javmost.com', 'https://javmost.com', 'browse', 0, 0, 6, 1, 'fair', 4500, '["screenshots", "downloadLinks", "magnetLinks", "actresses", "metadata", "description"]', 0, NULL, NULL, 5, 1, 1, 1, 2, strftime('%s', 'now') * 1000, strftime('%s', 'now') * 1000),
    ('javguru', 'streaming', 'JavGuru', 'å¤šçº¿è·¯æ’­æ”¾ï¼Œè§‚çœ‹æµç•…', 'å¤šçº¿è·¯åœ¨çº¿æ’­æ”¾', 'ðŸŽ­', 'https://jav.guru', 'https://jav.guru', 'browse', 0, 0, 7, 0, 'none', 0, '[]', 0, NULL, NULL, 5, 1, 1, 1, 3, strftime('%s', 'now') * 1000, strftime('%s', 'now') * 1000),
    ('av01', 'streaming', 'AV01', 'å¿«é€Ÿé¢„è§ˆç«™ç‚¹ï¼Œå°é¢å¤§å›¾æ¸…æ™°', 'å°é¢é¢„è§ˆå’Œåœ¨çº¿æ’­æ”¾', 'ðŸŽ¥', 'https://av01.tv', 'https://av01.tv', 'browse', 0, 0, 8, 0, 'none', 0, '[]', 0, NULL, NULL, 5, 1, 1, 1, 4, strftime('%s', 'now') * 1000, strftime('%s', 'now') * 1000),
    ('missav', 'streaming', 'MissAV', 'ä¸­æ–‡ç•Œé¢ï¼Œå°é¢é«˜æ¸…ï¼Œä¿¡æ¯ä¸°å¯Œ', 'ä¸­æ–‡åœ¨çº¿æ’­æ”¾å¹³å°', 'ðŸ’«', 'https://missav.com', 'https://missav.com', 'browse', 0, 0, 9, 0, 'none', 0, '[]', 1, '{"autoDetect": true, "preferredServers": ["ASIA"]}', '["CN", "SG"]', 4, 1, 1, 1, 5, strftime('%s', 'now') * 1000, strftime('%s', 'now') * 1000),
    ('javhdporn', 'streaming', 'JavHD.porn', 'é«˜æ¸…èµ„æºä¸‹è½½ï¼Œè´¨é‡ä¼˜ç§€', 'é«˜æ¸…ä¸‹è½½å’Œåœ¨çº¿æ’­æ”¾', 'ðŸŽ¬', 'https://javhd.porn', 'https://javhd.porn', 'browse', 0, 0, 10, 0, 'none', 0, '[]', 0, NULL, NULL, 5, 1, 1, 1, 6, strftime('%s', 'now') * 1000, strftime('%s', 'now') * 1000),
    ('javgg', 'streaming', 'JavGG', 'å…è´¹è§‚çœ‹å¹³å°ï¼Œé€Ÿåº¦ç¨³å®š', 'å…è´¹åœ¨çº¿æ’­æ”¾', 'âš¡', 'https://javgg.net', 'https://javgg.net', 'browse', 0, 0, 11, 1, 'fair', 4500, '["screenshots", "actresses", "metadata"]', 0, NULL, NULL, 5, 1, 1, 1, 7, strftime('%s', 'now') * 1000, strftime('%s', 'now') * 1000),
    ('javhihi', 'streaming', 'JavHiHi', 'åœ¨çº¿æ’­æ”¾ï¼Œæ— éœ€ä¸‹è½½', 'è½»é‡çº§åœ¨çº¿æ’­æ”¾', 'ðŸŽª', 'https://javhihi.com', 'https://javhihi.com', 'browse', 0, 0, 12, 1, 'fair', 5000, '["screenshots", "actresses"]', 0, NULL, NULL, 5, 1, 1, 1, 8, strftime('%s', 'now') * 1000, strftime('%s', 'now') * 1000);

-- æ’å…¥é»˜è®¤æœç´¢æº - ç£åŠ›æœç´¢ (éœ€è¦ä»£ç†è®¿é—®)
INSERT OR REPLACE INTO search_sources (
    id, category_id, name, subtitle, description, icon, url_template, homepage_url,
    site_type, searchable, requires_keyword, search_priority, supports_detail_extraction,
    extraction_quality, average_extraction_time, supported_features, 
    needs_proxy, proxy_config, proxy_regions, proxy_priority, supports_direct_access,
    is_system, is_active, display_order, created_at, updated_at
) VALUES 
    ('btsow', 'torrent', 'BTSOW', 'ä¸­æ–‡ç£åŠ›æœç´¢å¼•æ“Žï¼Œç•ªå·èµ„æºä¸°å¯Œ', 'çŸ¥åç£åŠ›æœç´¢å¼•æ“Ž', 'ðŸ§²', 'https://btsow.com/search/{keyword}', 'https://btsow.com', 'search', 1, 1, 2, 0, 'none', 0, '[]', 1, '{"autoDetect": true, "preferredServers": ["ASIA", "US"]}', '["CN", "KR"]', 2, 1, 1, 1, 1, strftime('%s', 'now') * 1000, strftime('%s', 'now') * 1000),
    ('magnetdl', 'torrent', 'MagnetDL', 'ç£åŠ›é“¾æŽ¥æœç´¢ï¼Œèµ„æºè¦†ç›–å…¨é¢', 'ç£åŠ›é“¾æŽ¥æœç´¢å¼•æ“Ž', 'ðŸ”—', 'https://www.magnetdl.com/search/?q={keyword}', 'https://www.magnetdl.com', 'search', 1, 1, 3, 0, 'none', 0, '[]', 0, NULL, NULL, 5, 1, 1, 1, 2, strftime('%s', 'now') * 1000, strftime('%s', 'now') * 1000),
    ('torrentkitty', 'torrent', 'TorrentKitty', 'ç§å­æœç´¢å¼•æ“Žï¼Œä¸‹è½½èµ„æºä¸°å¯Œ', 'ç§å­ä¸‹è½½æœç´¢', 'ðŸ±', 'https://www.torrentkitty.tv/search/{keyword}', 'https://www.torrentkitty.tv', 'search', 1, 1, 4, 0, 'none', 0, '[]', 0, NULL, NULL, 5, 1, 1, 1, 3, strftime('%s', 'now') * 1000, strftime('%s', 'now') * 1000),
    ('sukebei', 'torrent', 'Sukebei', 'æˆäººå†…å®¹ç§å­ç«™ï¼Œèµ„æºå…¨é¢', 'æˆäººå†…å®¹ç§å­æœç´¢', 'ðŸŒ™', 'https://sukebei.nyaa.si/?q={keyword}', 'https://sukebei.nyaa.si', 'search', 1, 1, 5, 1, 'fair', 6000, '["downloadLinks", "magnetLinks", "metadata", "description", "tags"]', 1, '{"autoDetect": true, "preferredServers": ["US", "EU"]}', '["CN", "KR", "SG"]', 3, 1, 1, 1, 4, strftime('%s', 'now') * 1000, strftime('%s', 'now') * 1000);

-- æ’å…¥é»˜è®¤æœç´¢æº - ç¤¾åŒºè®ºå› (éœ€è¦ä»£ç†è®¿é—®)
INSERT OR REPLACE INTO search_sources (
    id, category_id, name, subtitle, description, icon, url_template, homepage_url,
    site_type, searchable, requires_keyword, search_priority, supports_detail_extraction,
    extraction_quality, average_extraction_time, supported_features, 
    needs_proxy, proxy_config, proxy_regions, proxy_priority, supports_direct_access,
    is_system, is_active, display_order, created_at, updated_at
) VALUES 
    ('sehuatang', 'community', 'è‰²èŠ±å ‚', 'ç»¼åˆè®ºå›ç¤¾åŒºï¼Œèµ„æºä¸°å¯Œ', 'çŸ¥åæˆäººè®ºå›ç¤¾åŒº', 'ðŸŒ¸', 'https://sehuatang.org', 'https://sehuatang.org', 'browse', 0, 0, 99, 0, 'none', 0, '[]', 1, '{"autoDetect": true, "preferredServers": ["ASIA"]}', '["CN"]', 1, 0, 1, 1, 1, strftime('%s', 'now') * 1000, strftime('%s', 'now') * 1000),
    ('t66y', 'community', 'T66Y', 'è€ç‰Œè®ºå›ï¼Œèµ„æºæ›´æ–°å¿«', 'è€ç‰Œæˆäººè®ºå›', 'ðŸ“‹', 'https://t66y.com', 'https://t66y.com', 'browse', 0, 0, 99, 0, 'none', 0, '[]', 1, '{"autoDetect": true, "preferredServers": ["ASIA"]}', '["CN"]', 2, 0, 1, 1, 2, strftime('%s', 'now') * 1000, strftime('%s', 'now') * 1000);

-- æ’å…¥é»˜è®¤ä»£ç†æœåŠ¡å™¨é…ç½®
INSERT OR REPLACE INTO proxy_servers (
    id, name, description, base_url, server_region, supported_regions, server_type,
    max_concurrent_requests, request_timeout, is_active, health_status, 
    priority, weight, is_system, created_at, updated_at
) VALUES 
    ('proxy_us_main', 'US Main Proxy', 'ç¾Žå›½ä¸»ä»£ç†æœåŠ¡å™¨', 'https://us-proxy.workers.dev', 'US', '["US", "CA", "MX"]', 'general', 200, 30000, 1, 'unknown', 1, 10, 1, strftime('%s', 'now') * 1000, strftime('%s', 'now') * 1000),
    ('proxy_eu_main', 'EU Main Proxy', 'æ¬§æ´²ä¸»ä»£ç†æœåŠ¡å™¨', 'https://eu-proxy.workers.dev', 'EU', '["DE", "FR", "UK", "IT", "ES", "NL", "CH"]', 'general', 150, 30000, 1, 'unknown', 2, 8, 1, strftime('%s', 'now') * 1000, strftime('%s', 'now') * 1000),
    ('proxy_asia_main', 'Asia Main Proxy', 'äºšæ´²ä¸»ä»£ç†æœåŠ¡å™¨', 'https://asia-proxy.workers.dev', 'ASIA', '["CN", "JP", "KR", "SG", "TW", "HK", "MO"]', 'general', 300, 30000, 1, 'unknown', 1, 12, 1, strftime('%s', 'now') * 1000, strftime('%s', 'now') * 1000),
    ('proxy_backup', 'Backup Proxy', 'å¤‡ç”¨ä»£ç†æœåŠ¡å™¨', 'https://backup-proxy.workers.dev', 'US', '["*"]', 'backup', 100, 45000, 1, 'unknown', 9, 3, 1, strftime('%s', 'now') * 1000, strftime('%s', 'now') * 1000);

-- ===============================================
-- 9. è§¦å‘å™¨å®šä¹‰
-- ===============================================

-- æœç´¢æºç®¡ç†æ¨¡å—è§¦å‘å™¨
CREATE TRIGGER IF NOT EXISTS update_major_categories_timestamp 
    AFTER UPDATE ON search_major_categories
    FOR EACH ROW
    BEGIN
        UPDATE search_major_categories SET updated_at = strftime('%s', 'now') * 1000 WHERE id = NEW.id;
    END;

CREATE TRIGGER IF NOT EXISTS update_source_categories_timestamp 
    AFTER UPDATE ON search_source_categories
    FOR EACH ROW
    BEGIN
        UPDATE search_source_categories SET updated_at = strftime('%s', 'now') * 1000 WHERE id = NEW.id;
    END;

CREATE TRIGGER IF NOT EXISTS update_search_sources_timestamp 
    AFTER UPDATE ON search_sources
    FOR EACH ROW
    BEGIN
        UPDATE search_sources SET updated_at = strftime('%s', 'now') * 1000 WHERE id = NEW.id;
    END;

CREATE TRIGGER IF NOT EXISTS update_user_source_configs_timestamp 
    AFTER UPDATE ON user_search_source_configs
    FOR EACH ROW
    BEGIN
        UPDATE user_search_source_configs SET updated_at = strftime('%s', 'now') * 1000 WHERE id = NEW.id;
    END;

-- ä»£ç†æœåŠ¡å™¨è§¦å‘å™¨ (æ–°å¢ž)
CREATE TRIGGER IF NOT EXISTS update_proxy_servers_timestamp 
    AFTER UPDATE ON proxy_servers
    FOR EACH ROW
    BEGIN
        UPDATE proxy_servers SET updated_at = strftime('%s', 'now') * 1000 WHERE id = NEW.id;
    END;

CREATE TRIGGER IF NOT EXISTS update_user_proxy_configs_timestamp 
    AFTER UPDATE ON user_proxy_configs
    FOR EACH ROW
    BEGIN
        UPDATE user_proxy_configs SET updated_at = strftime('%s', 'now') * 1000 WHERE id = NEW.id;
    END;

-- çº§è”åˆ é™¤å’Œæ›´æ–°è§¦å‘å™¨
CREATE TRIGGER IF NOT EXISTS cascade_delete_category_sources
    AFTER DELETE ON search_source_categories
    FOR EACH ROW
    BEGIN
        -- åˆ é™¤åˆ†ç±»æ—¶ï¼Œå°†è¯¥åˆ†ç±»ä¸‹çš„æœç´¢æºç§»åŠ¨åˆ°é»˜è®¤åˆ†ç±»
        UPDATE search_sources 
        SET category_id = 'others', updated_at = strftime('%s', 'now') * 1000
        WHERE category_id = OLD.id;
    END;

-- ä½¿ç”¨ç»Ÿè®¡è§¦å‘å™¨ (å‡è®¾å­˜åœ¨ç”¨æˆ·æœç´¢åŽ†å²è¡¨)
CREATE TRIGGER IF NOT EXISTS update_source_usage_stats
    AFTER INSERT ON user_search_history
    FOR EACH ROW
    WHEN NEW.source IS NOT NULL
    BEGIN
        UPDATE search_sources 
        SET usage_count = usage_count + 1, 
            last_used_at = strftime('%s', 'now') * 1000,
            updated_at = strftime('%s', 'now') * 1000
        WHERE id = NEW.source;
    END;

-- ä»£ç†ä½¿ç”¨ç»Ÿè®¡è§¦å‘å™¨ (æ–°å¢ž)
CREATE TRIGGER IF NOT EXISTS update_proxy_usage_stats
    AFTER INSERT ON user_search_history
    FOR EACH ROW
    WHEN NEW.source IS NOT NULL AND NEW.used_proxy = 1
    BEGIN
        UPDATE search_sources 
        SET proxy_usage_count = proxy_usage_count + 1,
            updated_at = strftime('%s', 'now') * 1000
        WHERE id = NEW.source;
    END;

CREATE TRIGGER IF NOT EXISTS update_direct_usage_stats
    AFTER INSERT ON user_search_history
    FOR EACH ROW
    WHEN NEW.source IS NOT NULL AND (NEW.used_proxy = 0 OR NEW.used_proxy IS NULL)
    BEGIN
        UPDATE search_sources 
        SET direct_usage_count = direct_usage_count + 1,
            updated_at = strftime('%s', 'now') * 1000
        WHERE id = NEW.source;
    END;

-- ä»£ç†æœåŠ¡å™¨ä½¿ç”¨ç»Ÿè®¡è§¦å‘å™¨ (æ–°å¢ž)
CREATE TRIGGER IF NOT EXISTS update_proxy_server_stats_success
    AFTER INSERT ON user_search_history
    FOR EACH ROW
    WHEN NEW.proxy_server_id IS NOT NULL AND NEW.status = 'success'
    BEGIN
        UPDATE proxy_servers 
        SET total_requests = total_requests + 1,
            successful_requests = successful_requests + 1,
            success_rate = CAST(successful_requests AS REAL) / total_requests,
            updated_at = strftime('%s', 'now') * 1000
        WHERE id = NEW.proxy_server_id;
    END;

CREATE TRIGGER IF NOT EXISTS update_proxy_server_stats_failure
    AFTER INSERT ON user_search_history
    FOR EACH ROW
    WHEN NEW.proxy_server_id IS NOT NULL AND NEW.status != 'success'
    BEGIN
        UPDATE proxy_servers 
        SET total_requests = total_requests + 1,
            failed_requests = failed_requests + 1,
            success_rate = CAST(successful_requests AS REAL) / total_requests,
            updated_at = strftime('%s', 'now') * 1000
        WHERE id = NEW.proxy_server_id;
    END;

-- ===============================================
-- 10. ä¼˜åŒ–çš„ç”¨æˆ·æ³¨å†Œé»˜è®¤é…ç½®è§¦å‘å™¨
-- ===============================================

-- ç”¨æˆ·æ³¨å†Œæ—¶è‡ªåŠ¨ä¸ºå…¶åˆ›å»ºé»˜è®¤æœç´¢æºé…ç½®
CREATE TRIGGER IF NOT EXISTS create_default_user_source_configs
    AFTER INSERT ON users
    FOR EACH ROW
    BEGIN
        -- ä¸ºæ–°ç”¨æˆ·åˆ›å»ºæ‰€æœ‰ç³»ç»Ÿæœç´¢æºçš„é…ç½®
        INSERT INTO user_search_source_configs (
            id, user_id, source_id, is_enabled, use_proxy, proxy_preference, created_at, updated_at
        )
        SELECT 
            NEW.id || '_' || ss.id,  -- é…ç½®ID
            NEW.id,                  -- ç”¨æˆ·ID
            ss.id,                   -- æœç´¢æºID
            CASE 
                -- é»˜è®¤å¯ç”¨ç­–ç•¥ï¼šæ ¸å¿ƒæœç´¢æºé»˜è®¤å¯ç”¨ï¼Œå…¶ä»–æ ¹æ®ç±»åž‹å†³å®š
                WHEN ss.id IN ('javbus', 'javdb', 'javlibrary', 'btsow') THEN 1
                WHEN ss.searchable = 1 AND ss.site_type = 'search' THEN 1
                WHEN ss.site_type = 'browse' THEN 0
                ELSE 0
            END,
            CASE 
                -- ä»£ç†ä½¿ç”¨ç­–ç•¥ï¼šæ ¹æ®æºçš„ä»£ç†éœ€æ±‚è®¾ç½®
                WHEN ss.needs_proxy = 1 THEN 1
                ELSE 0
            END,
            CASE 
                -- ä»£ç†åå¥½ï¼šæ ¹æ®æºçš„ä»£ç†éœ€æ±‚è®¾ç½®
                WHEN ss.needs_proxy = 1 THEN 'auto'
                ELSE 'never'
            END,
            strftime('%s', 'now') * 1000,  -- åˆ›å»ºæ—¶é—´
            strftime('%s', 'now') * 1000   -- æ›´æ–°æ—¶é—´
        FROM search_sources ss
        WHERE ss.is_system = 1 AND ss.is_active = 1;
        
        -- ä¸ºæ–°ç”¨æˆ·åˆ›å»ºé»˜è®¤çš„å…¨å±€ä»£ç†é…ç½®
        INSERT INTO user_proxy_configs (
            id, user_id, proxy_enabled, intelligent_routing, user_region,
            preferred_proxy_server, auto_switch_on_failure, auto_fallback_direct,
            created_at, updated_at
        ) VALUES (
            NEW.id || '_proxy_config',  -- é…ç½®ID
            NEW.id,                     -- ç”¨æˆ·ID
            0,                          -- é»˜è®¤ç¦ç”¨ä»£ç†ï¼Œè®©ç”¨æˆ·æ‰‹åŠ¨å¼€å¯
            1,                          -- å¯ç”¨æ™ºèƒ½è·¯ç”±
            'CN',                       -- é»˜è®¤åœ°åŒºä¸ºä¸­å›½
            'proxy_asia_main',          -- é»˜è®¤ä½¿ç”¨äºšæ´²ä»£ç†
            1,                          -- å¯ç”¨è‡ªåŠ¨åˆ‡æ¢
            1,                          -- å¯ç”¨ç›´è¿žå›žé€€
            strftime('%s', 'now') * 1000,  -- åˆ›å»ºæ—¶é—´
            strftime('%s', 'now') * 1000   -- æ›´æ–°æ—¶é—´
        );
    END;

-- ===============================================
-- 11. è§†å›¾å®šä¹‰ (æ–°å¢žï¼Œæ–¹ä¾¿æŸ¥è¯¢ä»£ç†é…ç½®)
-- ===============================================

-- æœç´¢æºä»£ç†é…ç½®è§†å›¾
CREATE VIEW IF NOT EXISTS v_source_proxy_config AS
SELECT 
    ss.id,
    ss.name,
    ss.needs_proxy,
    ss.proxy_config,
    ss.proxy_regions,
    ss.proxy_priority,
    ss.supports_direct_access,
    ss.proxy_usage_count,
    ss.direct_usage_count,
    CASE 
        WHEN ss.proxy_usage_count + ss.direct_usage_count > 0 
        THEN ROUND(CAST(ss.proxy_usage_count AS REAL) / (ss.proxy_usage_count + ss.direct_usage_count) * 100, 2)
        ELSE 0 
    END as proxy_usage_percentage
FROM search_sources ss
WHERE ss.is_active = 1;

-- ç”¨æˆ·ä»£ç†ä½¿ç”¨ç»Ÿè®¡è§†å›¾
CREATE VIEW IF NOT EXISTS v_user_proxy_stats AS
SELECT 
    upc.user_id,
    upc.proxy_enabled,
    upc.user_region,
    upc.total_proxy_requests,
    upc.successful_proxy_requests,
    upc.failed_proxy_requests,
    CASE 
        WHEN upc.total_proxy_requests > 0 
        THEN ROUND(CAST(upc.successful_proxy_requests AS REAL) / upc.total_proxy_requests * 100, 2)
        ELSE 0 
    END as proxy_success_rate,
    ps.name as preferred_proxy_name,
    ps.server_region as preferred_proxy_region
FROM user_proxy_configs upc
LEFT JOIN proxy_servers ps ON upc.preferred_proxy_server = ps.id;

-- ä»£ç†æœåŠ¡å™¨æ€§èƒ½è§†å›¾
CREATE VIEW IF NOT EXISTS v_proxy_server_performance AS
SELECT 
    ps.id,
    ps.name,
    ps.server_region,
    ps.health_status,
    ps.total_requests,
    ps.success_rate,
    ps.average_response_time,
    ps.uptime_percentage,
    ps.priority,
    ps.weight,
    CASE 
        WHEN ps.success_rate >= 0.95 AND ps.average_response_time < 5000 THEN 'excellent'
        WHEN ps.success_rate >= 0.85 AND ps.average_response_time < 10000 THEN 'good'
        WHEN ps.success_rate >= 0.70 AND ps.average_response_time < 15000 THEN 'fair'
        ELSE 'poor'
    END as performance_grade
FROM proxy_servers ps
WHERE ps.is_active = 1
ORDER BY ps.success_rate DESC, ps.average_response_time ASC;